,Accuracy,Precision,Recall,AUC-ROC,Confusion Matrix
Logistic Regression,0.967741935483871,0.9833333333333333,0.9833333333333333,0.9166666666666667,"[[ 1  1]
 [ 1 59]]"
Random Forest,0.967741935483871,0.9833333333333333,0.9833333333333333,0.9583333333333333,"[[ 1  1]
 [ 1 59]]"
